,prcp,srad,swe,tmax,tmin,vp
1980-01-01 12:00:00,1.859624,168.99908,21.213861,2.8052595,-5.777281,414.1153
1980-01-02 12:00:00,1.2179998,203.02827,21.763504,2.51529,-7.2663903,366.67874
1980-01-03 12:00:00,0.15878971,256.9623,21.922308,2.5763774,-10.874747,283.06104
1980-01-04 12:00:00,0.0,271.34494,21.899588,6.31509,-8.709538,332.57358
1980-01-05 12:00:00,0.23979035,274.4483,22.066769,9.256881,-6.470121,394.1061
1980-01-06 12:00:00,0.010352605,236.27287,22.051878,4.7534814,-6.8217416,377.04138
1980-01-07 12:00:00,0.62304956,219.28339,22.664795,1.1744939,-8.902706,320.42578
1980-01-08 12:00:00,6.169099,179.23164,27.546654,2.5177965,-6.438271,393.748
1980-01-09 12:00:00,11.597134,168.3021,34.974987,3.3364625,-4.9514513,440.5428
1980-01-10 12:00:00,12.105884,166.2782,44.342117,2.9388533,-6.5168624,383.9354
1980-01-11 12:00:00,11.024237,238.75244,55.366352,-0.5242344,-15.292752,197.94997
1980-01-12 12:00:00,15.124561,223.90208,66.73237,7.2009344,-7.093008,374.35574
1980-01-13 12:00:00,16.739624,122.0351,64.62648,7.9972186,1.960772,720.3528
1980-01-14 12:00:00,23.360855,123.73078,64.080475,5.752954,-0.7138733,586.7767
1980-01-15 12:00:00,1.6459286,221.60901,64.54121,4.812848,-4.85905,443.53616
1980-01-16 12:00:00,5.282069,157.83441,66.06674,3.9313295,-3.8168125,481.76767
1980-01-17 12:00:00,5.35043,173.02422,67.8928,5.2857394,-3.1496272,502.6103
1980-01-18 12:00:00,4.589368,134.09161,68.2687,3.0273147,-2.8173509,510.16846
1980-01-19 12:00:00,0.00598687,212.0963,68.229416,1.1135991,-6.651684,383.60727
1980-01-20 12:00:00,0.2798581,288.66068,68.5093,0.13995767,-12.229266,255.89517
1980-01-21 12:00:00,0.0021855147,291.84286,68.51148,1.05482,-11.406856,271.92566
1980-01-22 12:00:00,0.086458065,296.08447,68.59793,0.1914104,-12.363506,251.09773
1980-01-23 12:00:00,0.27090955,318.8843,68.868835,1.4625477,-13.087591,237.7063
1980-01-24 12:00:00,0.21848474,326.37848,69.087326,3.4124672,-11.696976,264.847
1980-01-25 12:00:00,0.0,280.91974,69.07755,2.6736975,-8.9151535,323.12378
1980-01-26 12:00:00,0.0,307.98312,69.07755,0.90377915,-11.652913,259.10474
1980-01-27 12:00:00,4.8812275,233.26604,73.45816,1.2224544,-8.764331,323.91486
1980-01-28 12:00:00,10.801079,188.913,84.25925,-3.2692077,-11.241834,262.72485
1980-01-29 12:00:00,20.438688,191.49596,104.69795,-2.639856,-10.754454,273.5395
1980-01-30 12:00:00,0.3072321,361.85345,105.00517,-4.3912973,-19.24307,137.59529
1980-01-31 12:00:00,0.0,390.31772,105.00517,-4.862948,-22.198042,109.84842
1980-02-01 12:00:00,0.0,392.4686,105.00517,0.15800613,-17.824123,157.05576
1980-02-02 12:00:00,0.0,382.27933,105.00517,1.9491096,-14.0669775,211.71362
1980-02-03 12:00:00,0.006314062,387.22433,105.01149,4.026889,-12.439493,242.85748
1980-02-04 12:00:00,0.0,355.99487,104.99566,4.9978456,-8.365849,329.48062
1980-02-05 12:00:00,0.0,390.36673,104.99566,2.934174,-12.94347,235.10242
1980-02-06 12:00:00,3.8735788,283.19092,108.75412,0.9776747,-10.263531,288.3709
1980-02-07 12:00:00,0.7206322,266.1061,108.71028,2.148994,-6.362587,387.1629
1980-02-08 12:00:00,0.0,396.0545,108.71028,0.2514115,-15.174779,202.60316
1980-02-09 12:00:00,0.0,411.09012,108.71028,-0.7956978,-17.608164,163.97891
1980-02-10 12:00:00,0.0,425.8168,108.71028,0.64709026,-17.995924,159.45938
1980-02-11 12:00:00,0.0,419.8785,108.71028,1.8504987,-15.4608345,190.37975
1980-02-12 12:00:00,0.0,428.23413,108.71028,3.416837,-15.268237,195.35709
1980-02-13 12:00:00,0.21908301,407.59634,108.916664,6.173339,-10.920983,279.42615
1980-02-14 12:00:00,14.616224,178.65213,111.11375,4.3106236,-3.3370225,497.23877
1980-02-15 12:00:00,9.487854,183.55562,109.80521,6.715518,-0.82923865,585.3435
1980-02-16 12:00:00,2.015126,318.56824,109.76476,7.8297596,-3.7440567,481.50467
1980-02-17 12:00:00,8.734964,203.65062,108.77959,7.487634,-1.102212,578.69556
1980-02-18 12:00:00,22.750158,153.73204,105.99259,6.900985,0.7313172,654.8338
1980-02-19 12:00:00,9.097652,199.42337,104.3006,7.680371,-0.67246294,590.57404
1980-02-20 12:00:00,11.236287,164.63614,102.90336,5.7543273,-0.83781445,584.24347
1980-02-21 12:00:00,12.67473,186.57553,105.62691,3.756119,-3.711385,473.56204
1980-02-22 12:00:00,10.318063,204.7854,107.252,4.935273,-3.070291,498.18222
1980-02-23 12:00:00,3.6713848,241.44965,108.56807,3.683475,-4.6353717,449.69452
1980-02-24 12:00:00,0.0,424.95377,108.53622,4.6668043,-10.081148,313.40698
1980-02-25 12:00:00,0.54939854,444.10342,109.046265,7.018471,-9.71362,324.3101
1980-02-26 12:00:00,0.5934572,464.22226,109.52846,10.504042,-8.278643,364.08527
1980-02-27 12:00:00,0.0018752646,462.66125,109.26467,13.473863,-5.5761065,435.34396
1980-02-28 12:00:00,1.4345056,383.48203,109.80641,11.144004,-3.7674015,498.99237
1980-02-29 12:00:00,1.8437917,295.37387,110.35999,6.005749,-3.655091,492.43732
1980-03-01 12:00:00,0.0,444.17386,110.32655,7.928798,-7.7189064,369.3795
1980-03-02 12:00:00,1.9749291,349.69717,111.41987,7.8007736,-3.7296147,493.04553
1980-03-03 12:00:00,12.564351,183.05675,112.38927,5.649352,-1.1461245,576.44556
1980-03-04 12:00:00,9.560704,193.42024,112.8035,5.353009,-1.7249818,551.5801
1980-03-05 12:00:00,6.1713476,300.39972,115.39995,6.2134852,-3.0182636,509.04443
1980-03-06 12:00:00,11.119086,261.36166,119.29254,4.5555534,-4.169189,462.6547
1980-03-07 12:00:00,2.5477912,308.4286,120.240944,4.1674557,-4.2574325,463.46335
1980-03-08 12:00:00,0.028341806,393.15762,120.24179,4.413011,-6.28604,407.57043
1980-03-09 12:00:00,0.0,458.49576,120.23204,5.719114,-7.728698,371.73917
1980-03-10 12:00:00,0.0,506.70236,120.223816,8.853708,-7.9109387,366.2311
1980-03-11 12:00:00,4.2025585,411.09695,123.462265,8.158514,-6.43615,404.24677
1980-03-12 12:00:00,8.29828,306.4812,129.26083,3.014402,-6.9434404,376.96204
1980-03-13 12:00:00,0.0132878,547.3222,129.27412,8.542052,-10.811208,295.92017
1980-03-14 12:00:00,0.0,503.46146,129.00407,11.436648,-3.8658829,490.07977
1980-03-15 12:00:00,0.25770965,407.04584,128.23398,9.382953,-1.8254787,546.62335
1980-03-16 12:00:00,0.24363828,472.64127,128.47395,2.328921,-10.655043,288.83536
1980-03-17 12:00:00,0.0,559.8251,128.47395,6.2253656,-13.015693,241.76556
1980-03-18 12:00:00,0.0,513.5557,128.4622,7.648464,-7.5005336,373.0418
1980-03-19 12:00:00,0.0,496.34012,128.4579,6.4493585,-7.7654266,360.30777
1980-03-20 12:00:00,0.24836932,547.5557,128.70363,10.176592,-8.237201,349.5634
1980-03-21 12:00:00,8.510734,300.26395,130.82384,6.1592216,-4.3747115,453.20837
1980-03-22 12:00:00,0.39032507,451.43594,130.97725,5.3474083,-7.1508136,373.90878
1980-03-23 12:00:00,0.017818723,485.63947,130.9898,6.121222,-7.561585,372.27148
1980-03-24 12:00:00,5.5829687,348.69992,133.64262,3.6408806,-7.7277803,365.57333
1980-03-25 12:00:00,2.5602276,387.44748,135.42697,2.0317893,-9.569765,311.23605
1980-03-26 12:00:00,1.0206248,542.664,136.44759,4.5488853,-12.514323,256.1808
1980-03-27 12:00:00,2.989119,359.16824,138.50195,2.1612368,-8.074976,353.49387
1980-03-28 12:00:00,1.8951938,415.8722,139.69485,4.4942036,-7.0193086,376.26895
1980-03-29 12:00:00,0.0,558.49567,139.6837,7.172465,-8.819127,335.9767
1980-03-30 12:00:00,5.0754175,353.9421,143.43225,3.0688512,-7.563654,357.06082
1980-03-31 12:00:00,3.3437748,419.55392,146.39528,1.8138416,-10.607398,289.2623
1980-04-01 12:00:00,0.0,566.9578,146.3919,3.8526504,-11.604231,273.68372
1980-04-02 12:00:00,0.0,532.1132,146.3558,4.1392508,-9.724466,319.55316
1980-04-03 12:00:00,0.53827935,543.1402,146.79398,6.6955037,-8.51198,348.186
1980-04-04 12:00:00,0.32976812,553.5159,146.74182,11.138153,-4.9090257,443.75964
1980-04-05 12:00:00,0.5500698,454.86996,145.91524,11.292695,-0.84211135,594.86975
1980-04-06 12:00:00,3.2345839,374.6768,146.56322,8.390066,-2.6153696,516.16223
1980-04-07 12:00:00,1.1597555,440.9105,147.42467,5.6584816,-6.2779765,395.91766
1980-04-08 12:00:00,0.0026800083,612.4643,147.42535,10.051745,-9.694093,312.11438
1980-04-09 12:00:00,0.09826768,598.77094,147.33272,15.262627,-4.3283463,460.4268
1980-04-10 12:00:00,0.04700339,416.97107,146.60973,9.858657,-0.8784689,590.2715
1980-04-11 12:00:00,0.6769303,446.15964,146.75735,6.678021,-5.047438,435.39227
1980-04-12 12:00:00,0.0,549.3729,146.7273,7.878125,-6.9930353,381.975
1980-04-13 12:00:00,0.0,621.2274,146.71571,11.531987,-8.116537,347.60852
1980-04-14 12:00:00,0.0,623.1955,146.5995,15.677692,-5.3439794,405.00906
1980-04-15 12:00:00,0.0,564.2657,146.09726,14.54978,-2.0708523,526.4706
1980-04-16 12:00:00,0.0,607.6338,145.8388,15.647442,-3.4946826,462.61197
1980-04-17 12:00:00,0.0,626.7088,145.32428,19.655836,-2.0687919,498.26974
1980-04-18 12:00:00,0.0,604.9604,144.31868,21.30128,1.077104,622.81946
1980-04-19 12:00:00,0.0,607.69666,143.07817,22.496325,1.849803,650.1245
1980-04-20 12:00:00,0.0,588.7594,141.6955,22.905983,2.8504076,706.5176
1980-04-21 12:00:00,0.0,481.21146,139.64137,20.05166,5.907539,905.65796
1980-04-22 12:00:00,0.3070902,403.87436,137.52751,17.346231,6.2532496,958.51526
1980-04-23 12:00:00,6.246801,287.41116,135.90887,12.805954,3.1625168,778.3552
1980-04-24 12:00:00,0.008688056,489.77826,134.91353,13.662779,0.3394674,624.95404
1980-04-25 12:00:00,0.12268425,467.5542,133.52515,15.93435,3.537926,815.3223
1980-04-26 12:00:00,0.024747988,563.11334,132.38,18.798042,1.7265787,662.0032
1980-04-27 12:00:00,0.0,567.48975,131.29117,19.412031,2.152034,689.7285
1980-04-28 12:00:00,0.015469081,573.77637,129.98361,21.091173,3.1530643,719.3757
1980-04-29 12:00:00,6.4394717,317.22818,128.19406,15.900959,4.552468,847.3393
1980-04-30 12:00:00,5.1698093,282.78644,126.94802,11.246844,2.3665395,739.90466
1980-05-01 12:00:00,1.1186712,389.54684,125.67053,13.690772,2.9792101,765.6871
1980-05-02 12:00:00,0.119572215,538.3361,124.60737,17.593578,2.0127702,677.4393
1980-05-03 12:00:00,0.0,552.6895,123.38204,19.013409,2.7088478,694.8576
1980-05-04 12:00:00,0.054816816,549.46216,122.19119,19.031511,2.9705074,718.3604
1980-05-05 12:00:00,0.5590799,461.64886,120.63535,18.297718,5.3315215,883.6392
1980-05-06 12:00:00,5.1927896,337.48312,118.92561,17.086206,5.8260503,951.29987
1980-05-07 12:00:00,4.182932,388.06656,117.64544,16.350607,3.8429365,820.4351
1980-05-08 12:00:00,2.4303632,435.41437,116.35011,16.497713,3.351115,767.20667
1980-05-09 12:00:00,9.074277,258.61282,114.85234,12.731496,4.223994,840.0141
1980-05-10 12:00:00,13.874939,207.57256,114.1049,7.6610875,1.0513077,671.75934
1980-05-11 12:00:00,5.9849224,260.89206,113.580475,8.564758,0.5904818,651.52655
1980-05-12 12:00:00,9.633681,292.0655,113.81374,8.139183,-0.816187,589.5072
1980-05-13 12:00:00,0.76878864,522.0781,113.51461,12.844433,-1.4227085,564.9551
1980-05-14 12:00:00,1.0923212,495.84286,113.043945,13.6916275,0.5353219,651.81256
1980-05-15 12:00:00,2.0588787,462.53336,112.61468,14.115454,1.4181767,700.3009
1980-05-16 12:00:00,7.5569377,371.1899,111.85247,12.990944,0.9651895,667.0735
1980-05-17 12:00:00,2.9165523,379.76605,111.317955,9.4969015,-0.14304537,614.5745
1980-05-18 12:00:00,0.0,609.8561,110.81761,15.973975,-0.66257524,559.10284
1980-05-19 12:00:00,0.0,626.48004,109.92285,20.232292,2.1143212,637.24384
1980-05-20 12:00:00,0.0,638.17096,108.80529,23.305311,3.8603122,699.15576
1980-05-21 12:00:00,0.0,631.5869,107.47213,25.009653,5.3710485,749.62744
1980-05-22 12:00:00,0.01782931,584.5172,105.96139,23.533907,7.0909348,855.7335
1980-05-23 12:00:00,2.091509,453.98666,104.73935,18.47205,6.0515637,881.44556
1980-05-24 12:00:00,5.0657525,363.30988,104.13713,11.429172,0.20901413,605.96454
1980-05-25 12:00:00,4.4167714,370.58716,104.62039,8.993408,-1.4585377,551.41675
1980-05-26 12:00:00,0.13377276,606.9944,104.49849,14.78988,-1.8483058,470.2928
1980-05-27 12:00:00,0.13962726,600.79407,103.855255,17.865257,1.2684318,575.52966
1980-05-28 12:00:00,0.7834646,584.8099,103.17653,18.039068,1.853794,608.6831
1980-05-29 12:00:00,3.09527,470.55582,102.445366,15.379462,2.137285,667.662
1980-05-30 12:00:00,0.53713465,577.04944,101.83824,17.863323,1.9023252,612.0834
1980-05-31 12:00:00,1.4486542,499.49948,100.96372,17.22338,3.120345,697.083
1980-06-01 12:00:00,2.062371,498.31152,100.289665,16.181303,1.7259245,635.42896
1980-06-02 12:00:00,1.4096633,518.9021,99.36395,16.880764,2.95788,656.2324
1980-06-03 12:00:00,0.7157677,578.3218,98.44653,19.07486,2.622753,590.61896
1980-06-04 12:00:00,0.079213254,554.8241,97.17948,20.10198,4.631008,682.53143
1980-06-05 12:00:00,0.0,601.53687,96.15627,20.820663,3.104223,565.8074
1980-06-06 12:00:00,0.0,530.94916,95.027084,18.267033,3.951686,638.2114
1980-06-07 12:00:00,0.0,634.6336,94.341286,22.032064,1.9914169,506.95044
1980-06-08 12:00:00,0.004066074,632.68005,93.44081,24.754208,3.981813,578.7353
1980-06-09 12:00:00,0.0,631.3712,92.44788,26.451677,4.930541,614.1004
1980-06-10 12:00:00,0.027988141,620.95337,91.24912,27.731544,6.377638,667.4439
1980-06-11 12:00:00,0.0,571.4546,89.90477,26.211567,8.0946865,778.9611
1980-06-12 12:00:00,0.16345935,492.66232,88.33483,24.158821,9.685741,931.26196
1980-06-13 12:00:00,0.0,615.9644,87.472206,24.65162,3.5576177,540.26855
1980-06-14 12:00:00,0.0,539.0779,86.48155,21.83972,5.144317,660.5141
1980-06-15 12:00:00,0.0,573.15704,86.02412,19.164104,1.2577013,496.75827
1980-06-16 12:00:00,0.0,608.7638,85.49305,22.994453,2.1082942,499.56375
1980-06-17 12:00:00,0.0,616.9054,84.59033,27.224546,4.93776,573.66754
1980-06-18 12:00:00,0.0,583.33844,83.24022,28.225937,8.07999,732.8888
1980-06-19 12:00:00,0.0,540.99774,81.7116,27.132448,9.570212,857.9156
1980-06-20 12:00:00,0.0,580.89594,80.30932,28.439062,8.388406,717.3692
1980-06-21 12:00:00,0.0,576.5477,79.11818,27.533226,7.671794,709.2895
1980-06-22 12:00:00,0.0,596.24194,78.02822,28.40793,6.8421707,648.8562
1980-06-23 12:00:00,0.0,489.0626,76.5159,26.31482,10.289962,911.42993
1980-06-24 12:00:00,0.0,586.93884,75.503555,27.080223,6.0316877,576.41
1980-06-25 12:00:00,0.0,567.8173,74.06013,29.59629,9.123301,723.7021
1980-06-26 12:00:00,0.0,555.8973,72.5859,29.416008,9.610501,735.7052
1980-06-27 12:00:00,0.0,578.65796,71.83319,25.481936,4.8052425,516.6983
1980-06-28 12:00:00,0.0,606.75464,71.05287,27.930233,4.629296,486.06586
1980-06-29 12:00:00,0.0,542.60187,69.63515,30.191702,10.855775,785.1512
1980-06-30 12:00:00,0.41865522,475.11844,67.963455,28.676125,12.363327,917.5829
1980-07-01 12:00:00,4.4759536,409.26285,66.58714,25.54448,10.546529,949.9621
1980-07-02 12:00:00,5.5170636,371.80255,65.041405,24.913677,11.494178,1064.6127
1980-07-03 12:00:00,2.0542188,398.05237,63.682854,24.85507,10.533672,977.6523
1980-07-04 12:00:00,1.5049429,491.7463,62.58487,26.963541,8.875175,786.12885
1980-07-05 12:00:00,0.0,556.72626,61.514256,29.241516,8.537006,709.9844
1980-07-06 12:00:00,0.0,552.1771,60.393135,30.400204,9.481149,762.6746
1980-07-07 12:00:00,0.48255712,386.40936,58.884197,26.841536,13.761199,1228.9231
1980-07-08 12:00:00,1.0236965,437.94348,57.747208,25.192583,10.350717,932.9331
1980-07-09 12:00:00,1.6948296,508.9819,56.5413,28.766102,9.88324,803.06824
1980-07-10 12:00:00,0.0,502.9936,55.276314,29.303381,11.5785,917.6955
1980-07-11 12:00:00,0.0,545.33734,54.06847,30.797754,10.292225,785.9187
1980-07-12 12:00:00,0.0,415.80713,52.604336,29.669685,15.587587,1340.3136
1980-07-13 12:00:00,0.06504659,413.28372,51.306946,27.664112,13.829301,1209.788
1980-07-14 12:00:00,0.0,470.6299,50.161266,27.269533,11.036937,931.59784
1980-07-15 12:00:00,0.0,503.9724,49.2819,27.074118,9.489258,819.5059
1980-07-16 12:00:00,0.0,549.667,48.369896,30.638725,9.931622,779.8697
1980-07-17 12:00:00,0.0,534.4539,47.40724,30.497948,10.649689,843.25323
1980-07-18 12:00:00,0.0,525.46173,46.465633,29.993471,10.783549,843.1565
1980-07-19 12:00:00,0.0,489.19827,45.504982,28.947956,11.739992,968.0239
1980-07-20 12:00:00,0.0,533.7438,44.665394,29.162996,9.443696,777.0094
1980-07-21 12:00:00,0.0,546.4023,43.80838,30.919493,10.215473,794.9556
1980-07-22 12:00:00,0.0,541.96466,42.845165,31.888035,11.139437,843.07104
1980-07-23 12:00:00,0.013926303,510.43234,41.792942,31.930836,13.046709,966.1111
1980-07-24 12:00:00,0.0,490.34482,40.75423,31.441471,13.657969,1032.0847
1980-07-25 12:00:00,0.0,476.31815,39.698586,30.746975,13.682067,1042.2133
1980-07-26 12:00:00,0.0,525.3451,38.85054,30.938698,11.3014765,844.0641
1980-07-27 12:00:00,0.0,540.3617,38.086823,31.023819,10.19091,784.7936
1980-07-28 12:00:00,0.0,558.36115,37.296555,32.786835,10.368305,770.01636
1980-07-29 12:00:00,2.0686297,431.96967,36.451965,31.036472,13.880728,1140.1742
1980-07-30 12:00:00,0.5551514,456.3256,35.57456,29.435171,12.893536,979.0582
1980-07-31 12:00:00,0.016667726,453.81873,34.75464,28.123531,12.468635,972.5091
1980-08-01 12:00:00,0.0,444.20352,33.798252,29.27383,13.616814,1025.8563
1980-08-02 12:00:00,0.0,483.8959,33.039165,29.6149,12.091131,895.3497
1980-08-03 12:00:00,0.0,436.81635,32.25615,27.74523,12.456257,972.92926
1980-08-04 12:00:00,0.0,540.102,31.86639,26.61577,6.0815797,557.4804
1980-08-05 12:00:00,0.0,547.0864,31.287199,30.245209,8.55858,622.9447
1980-08-06 12:00:00,0.0,474.8036,30.501766,30.496658,13.2235155,899.8328
1980-08-07 12:00:00,0.0,475.62607,29.707298,30.63359,13.087843,899.2582
1980-08-08 12:00:00,0.0,508.72305,28.971794,31.470179,11.958798,756.0962
1980-08-09 12:00:00,0.0,505.17926,28.256535,31.06616,11.776443,722.3057
1980-08-10 12:00:00,0.0,519.7334,27.712086,29.327906,9.325271,575.4383
1980-08-11 12:00:00,0.0,557.1523,27.195042,31.490768,7.7695594,489.54626
1980-08-12 12:00:00,0.0,515.90875,26.656597,31.793062,11.167784,653.7719
1980-08-13 12:00:00,0.0,476.8795,25.968628,31.106403,12.897873,734.03546
1980-08-14 12:00:00,2.0824556,392.60248,25.23248,28.813784,13.399873,753.9554
1980-08-15 12:00:00,0.9098994,352.31213,24.617813,23.368382,10.631553,664.87836
1980-08-16 12:00:00,0.37581638,442.86432,24.325542,23.274185,7.30992,487.13828
1980-08-17 12:00:00,0.0,519.7235,23.97283,26.976238,6.489543,419.65286
1980-08-18 12:00:00,0.0011192291,481.06577,23.569618,26.945816,8.77729,522.52484
1980-08-19 12:00:00,5.747073,344.15796,23.281948,21.198551,6.078029,480.2871
1980-08-20 12:00:00,0.0,518.70386,23.187798,21.752605,1.4078494,307.94293
1980-08-21 12:00:00,0.0,545.22406,23.06278,26.84915,3.5545068,351.4828
1980-08-22 12:00:00,0.04184138,509.94128,22.832249,28.225748,7.511664,471.83694
1980-08-23 12:00:00,1.0708015,399.5063,22.40055,25.780003,10.554006,627.7928
1980-08-24 12:00:00,0.20753072,409.73492,21.931753,25.842579,10.9877,604.33527
1980-08-25 12:00:00,8.115084,252.0706,21.461061,20.89077,9.539547,676.3996
1980-08-26 12:00:00,0.25473315,483.02167,21.214813,24.32526,5.4268093,405.79602
1980-08-27 12:00:00,0.0,475.0327,20.84877,26.529089,8.18621,499.43906
1980-08-28 12:00:00,0.0,498.6139,20.544102,26.401064,6.351199,412.2412
1980-08-29 12:00:00,0.0,440.55786,20.228466,24.938866,8.684158,504.06586
1980-08-30 12:00:00,0.0,406.45923,19.942663,22.329243,7.694553,501.31464
1980-08-31 12:00:00,0.110098474,421.0874,19.776976,19.53906,4.2925415,373.6655
1980-09-01 12:00:00,0.0,496.2681,19.643686,22.788124,2.5688512,301.53983
1980-09-02 12:00:00,0.0,503.40967,19.40114,26.224365,4.773096,341.33707
1980-09-03 12:00:00,0.0,442.64886,19.044405,25.29218,8.190442,447.17477
1980-09-04 12:00:00,0.0,497.95114,18.726688,28.061657,6.5387526,387.3369
1980-09-05 12:00:00,0.0,486.29944,18.372494,28.59697,7.725257,423.88394
1980-09-06 12:00:00,0.035894748,419.8529,17.930529,26.949879,10.481651,548.5493
1980-09-07 12:00:00,8.274009,219.7314,17.528988,21.296682,11.06148,800.7957
1980-09-08 12:00:00,6.775205,257.5095,17.18427,20.641459,9.708734,768.1442
1980-09-09 12:00:00,5.606008,207.49062,16.860254,17.94799,8.649233,899.04596
1980-09-10 12:00:00,8.793293,223.44334,16.509117,19.428125,9.103709,904.551
1980-09-11 12:00:00,4.592866,194.4367,16.199163,16.689148,8.732986,993.27655
1980-09-12 12:00:00,1.0532688,371.19913,15.992669,20.314861,6.3601546,635.47
1980-09-13 12:00:00,0.1615936,383.88666,15.735595,22.649994,8.491555,713.7242
1980-09-14 12:00:00,0.37577933,398.70657,15.476509,23.44353,8.150036,694.6576
1980-09-15 12:00:00,0.0,431.81488,15.234352,23.72063,6.4258137,591.82965
1980-09-16 12:00:00,0.0,400.18558,15.016645,21.587282,6.2393246,607.24194
1980-09-17 12:00:00,0.0,455.13812,14.833819,24.154428,4.7329383,512.5996
1980-09-18 12:00:00,0.0,442.6271,14.594509,26.486113,7.5223536,624.2428
1980-09-19 12:00:00,0.0,374.75427,14.328267,23.498709,9.051562,764.8793
1980-09-20 12:00:00,0.06504659,423.13742,14.204445,19.890093,2.4580147,471.6511
1980-09-21 12:00:00,1.2451651,338.36945,14.144441,16.539482,3.2849512,574.58765
1980-09-22 12:00:00,0.0,441.15347,14.136422,16.341084,-2.0323474,355.33408
1980-09-23 12:00:00,0.0,445.5616,14.11236,18.397934,-0.8641116,377.50732
1980-09-24 12:00:00,0.0,429.35294,14.055613,19.068102,0.6198804,431.5956
1980-09-25 12:00:00,0.0,454.96692,13.959728,22.097927,0.6064178,403.42126
1980-09-26 12:00:00,0.0,452.81866,13.823559,24.698566,2.698959,457.89307
1980-09-27 12:00:00,0.0,439.19238,13.670074,25.354828,4.4051285,523.90875
1980-09-28 12:00:00,0.0,433.0532,13.520775,25.481913,4.5804734,543.0274
1980-09-29 12:00:00,0.0,415.27966,13.365474,23.237019,3.8909752,531.39667
1980-09-30 12:00:00,0.0,438.75595,13.258527,25.440908,2.955807,448.78177
1980-10-01 12:00:00,0.0,405.89224,13.112545,23.354982,4.130139,484.2237
1980-10-02 12:00:00,0.0,415.5396,12.993174,23.316637,2.9808629,434.1746
1980-10-03 12:00:00,0.0,421.31866,12.866764,23.95208,2.4678588,401.98566
1980-10-04 12:00:00,0.0,420.63947,12.746609,24.1635,2.3381245,398.5715
1980-10-05 12:00:00,0.0,401.00064,12.610087,23.604647,3.5798092,454.98666
1980-10-06 12:00:00,0.0,396.3202,12.457379,24.031649,3.9110951,466.22067
1980-10-07 12:00:00,0.0,387.28784,12.3078375,23.820745,4.098041,477.96835
1980-10-08 12:00:00,0.0,387.7125,12.170916,23.60694,3.3775876,446.25668
1980-10-09 12:00:00,0.0,369.98773,12.047282,22.070421,3.0577974,458.39526
1980-10-10 12:00:00,0.0,381.05878,11.97309,22.129349,1.6169865,406.0112
1980-10-11 12:00:00,0.48103344,371.30243,11.885893,23.111109,2.3765194,429.86346
1980-10-12 12:00:00,4.969962,191.1581,11.761341,17.523684,6.259956,831.82086
1980-10-13 12:00:00,7.6164308,220.57593,11.855585,15.481003,1.1896791,592.1923
1980-10-14 12:00:00,9.030891,190.14502,11.989864,12.686285,0.70996934,626.7536
1980-10-15 12:00:00,14.119568,98.79401,12.46056,4.4089212,-1.3024195,563.0324
1980-10-16 12:00:00,10.30027,93.89579,13.616586,3.6109638,-1.6819504,549.7057
1980-10-17 12:00:00,2.8190174,168.7138,14.198635,6.593042,-1.8471558,544.0643
1980-10-18 12:00:00,0.0,266.86246,14.193259,10.559252,-1.7958165,539.31903
1980-10-19 12:00:00,0.0,318.12054,14.19058,13.322366,-2.759711,493.23724
1980-10-20 12:00:00,0.0,326.076,14.180917,14.67163,-2.4103222,499.02823
1980-10-21 12:00:00,0.0,330.16525,14.171123,15.314866,-2.528906,491.7943
1980-10-22 12:00:00,0.0,277.49097,14.1603155,11.566373,-2.493817,507.1116
1980-10-23 12:00:00,0.19759846,297.21478,14.357905,8.104904,-7.079743,368.98773
1980-10-24 12:00:00,0.041535366,347.55127,14.39944,12.747284,-7.547646,342.05002
1980-10-25 12:00:00,0.00288543,345.50238,14.389078,15.136903,-5.466619,394.93753
1980-10-26 12:00:00,4.738913,176.61417,14.649633,8.571891,-1.7007942,550.3811
1980-10-27 12:00:00,1.7014718,171.98883,14.964708,5.440453,-3.1327393,493.91666
1980-10-28 12:00:00,0.0,282.61594,14.964708,6.976209,-7.0769587,370.0971
1980-10-29 12:00:00,0.0,317.48322,14.964708,10.586087,-6.8860016,370.08298
1980-10-30 12:00:00,0.0,331.73016,14.961721,14.378492,-5.0958133,415.0235
1980-10-31 12:00:00,0.0,320.267,14.824547,16.612726,-2.0540514,514.7866
1980-11-01 12:00:00,0.0,327.05286,14.743119,16.881912,-3.0757391,479.61044
1980-11-02 12:00:00,0.0,286.1258,14.566782,15.603793,-0.46654704,589.3245
1980-11-03 12:00:00,0.0,291.66074,14.430552,14.845833,-1.6372807,541.4214
1980-11-04 12:00:00,0.0,301.75165,14.260577,17.07945,-0.6468096,580.6037
1980-11-05 12:00:00,0.0,310.50153,14.07425,18.729229,-0.5694769,579.36755
1980-11-06 12:00:00,0.0,291.43033,13.852264,18.531971,1.0063597,651.4504
1980-11-07 12:00:00,0.0,275.60895,13.69878,18.188553,1.9712843,714.8811
1980-11-08 12:00:00,0.045561206,247.37604,13.525489,15.516712,2.09759,717.5474
1980-11-09 12:00:00,0.0,293.72147,13.373175,17.031582,-1.524621,546.08887
1980-11-10 12:00:00,0.0,290.83862,13.185989,16.787481,-1.8863808,536.223
1980-11-11 12:00:00,0.60867536,205.2227,12.990262,14.030598,2.9598973,769.2246
1980-11-12 12:00:00,15.580239,114.56582,12.843579,8.630417,0.8416603,653.34924
1980-11-13 12:00:00,4.0111785,103.70415,14.127172,2.4632487,-3.5000827,483.81088
1980-11-14 12:00:00,1.605753,161.4069,15.18661,0.86148554,-7.4544725,362.15332
1980-11-15 12:00:00,0.27064803,241.20685,15.457252,0.89096993,-12.000923,257.23438
1980-11-16 12:00:00,0.11085133,249.2117,15.568095,1.7115384,-11.804269,259.4293
1980-11-17 12:00:00,0.0,268.50568,15.568095,3.6484416,-11.921471,253.8804
1980-11-18 12:00:00,0.0,263.61487,15.568095,4.1952085,-11.122997,269.04562
1980-11-19 12:00:00,0.0,262.85605,15.568095,5.4724565,-9.906854,293.08365
1980-11-20 12:00:00,0.0,250.9856,15.568095,6.225388,-8.171068,336.28903
1980-11-21 12:00:00,0.0053610755,269.40732,15.571607,8.194498,-8.553998,327.71738
1980-11-22 12:00:00,2.8173306,152.48506,16.484013,4.469898,-4.564627,446.04993
1980-11-23 12:00:00,5.558793,170.88608,20.289715,3.727283,-6.9611797,379.5072
1980-11-24 12:00:00,13.146385,110.415375,24.75173,1.3056767,-5.4093966,415.04855
1980-11-25 12:00:00,0.056018636,233.80814,24.80775,1.134011,-11.52912,263.5704
1980-11-26 12:00:00,0.0,234.26642,24.80775,0.91081,-11.998875,250.76048
1980-11-27 12:00:00,0.040501907,225.90321,24.848251,0.67467815,-11.579501,258.11862
1980-11-28 12:00:00,0.072117746,241.41408,24.91839,4.372248,-9.358968,304.68127
1980-11-29 12:00:00,0.0,256.6303,24.870905,8.370269,-7.0750313,367.61948
1980-11-30 12:00:00,0.0033259213,158.23586,23.949348,8.862072,0.42431173,646.2049
1980-12-01 12:00:00,0.37789816,219.18115,24.063087,6.086134,-5.9449806,400.8011
1980-12-02 12:00:00,0.0,266.4963,24.030136,10.45923,-6.2868276,396.0477
1980-12-03 12:00:00,0.0010175772,171.69188,23.072407,10.347848,1.3939072,692.9747
1980-12-04 12:00:00,4.603241,140.56523,22.440012,8.949257,1.1474702,682.9674
1980-12-05 12:00:00,9.785917,117.678314,24.515692,3.8054457,-3.88642,465.0817
1980-12-06 12:00:00,3.7195947,124.10765,27.0947,0.20029117,-6.24504,390.85034
1980-12-07 12:00:00,3.6629288,146.15959,29.851967,-0.8682941,-8.495255,334.66248
1980-12-08 12:00:00,0.39263025,226.43167,30.2446,-2.492845,-14.013353,221.06099
1980-12-09 12:00:00,0.1653007,243.28152,30.409897,-1.2596263,-14.246652,215.26755
1980-12-10 12:00:00,0.0,271.53168,30.409897,1.0645499,-14.601414,205.43823
1980-12-11 12:00:00,0.0,271.20456,30.409897,4.239047,-11.7334,256.30295
1980-12-12 12:00:00,0.0,263.2988,30.409897,4.368234,-10.936312,273.32068
1980-12-13 12:00:00,0.0,252.64607,30.409897,2.6192493,-11.915368,252.81761
1980-12-14 12:00:00,0.0,233.30417,30.409897,1.3190556,-11.490331,260.01852
1980-12-15 12:00:00,0.0,222.39017,30.409897,2.200198,-9.463641,302.5556
1980-12-16 12:00:00,0.0007623888,237.46458,30.401667,4.7140493,-8.257607,329.88013
1980-12-17 12:00:00,0.0,240.80336,30.362558,5.8502164,-7.5694466,348.25427
1980-12-18 12:00:00,0.0,223.8872,30.304935,5.195363,-6.779838,369.6565
1980-12-19 12:00:00,0.0,208.28293,30.20009,4.3110633,-6.283774,385.0843
1980-12-20 12:00:00,0.0,226.83675,30.197172,3.836994,-8.184611,335.71887
1980-12-21 12:00:00,0.16628228,231.74997,30.132195,6.4075365,-5.8596478,398.94556
1980-12-22 12:00:00,1.8584657,186.2292,29.308079,8.79514,-1.7947384,539.4208
1980-12-23 12:00:00,1.0441656,195.5129,29.541079,5.445052,-4.871576,439.49075
1980-12-24 12:00:00,0.0,249.95595,29.506565,7.214713,-6.8540072,380.97128
1980-12-25 12:00:00,0.14067133,216.124,29.26503,8.097846,-3.1601017,498.65482
1980-12-26 12:00:00,0.0,252.12915,29.095665,10.543773,-4.039223,468.02362
1980-12-27 12:00:00,0.021413596,255.19481,28.798752,11.610368,-3.6164272,478.8232
1980-12-28 12:00:00,0.0,241.51787,28.65803,8.951595,-4.3911915,451.07385
1980-12-29 12:00:00,0.0,257.75626,28.622055,8.414787,-6.5607743,381.96796
1980-12-30 12:00:00,0.0,262.1177,28.52705,9.454556,-6.4738584,385.54263
